{"cameraMode":{"drawMode":0,"name":"Shaded","section":"Shading Mode"},"sceneLighting":false,"audioPlay":false,"sceneViewState":{"showFog":true,"showMaterialUpdate":false,"showSkybox":true,"showFlares":true,"showImageEffects":true,"showParticleSystems":true},"in2DMode":false,"pivot":{"x":-0.84521484375,"y":0.53961181640625,"z":0.052001953125},"rotation":{"x":-0.293588250875473,"y":-0.1980203241109848,"z":0.062233053147792819,"w":-0.9331243634223938},"size":0.005883726757019758,"orthographic":true}