{"cameraMode":{"drawMode":0,"name":"Shaded","section":"Shading Mode"},"sceneLighting":false,"audioPlay":false,"sceneViewState":{"showFog":true,"showMaterialUpdate":false,"showSkybox":true,"showFlares":true,"showImageEffects":true,"showParticleSystems":true},"in2DMode":false,"pivot":{"x":0.035042744129896167,"y":0.0302734375,"z":-0.0228271484375},"rotation":{"x":-0.030207380652427675,"y":-0.6726888418197632,"z":0.02742338925600052,"w":-0.7387999296188355},"size":0.13831616938114167,"orthographic":true}