{"cameraMode":{"drawMode":0,"name":"Shaded","section":"Shading Mode"},"sceneLighting":false,"audioPlay":false,"sceneViewState":{"showFog":true,"showMaterialUpdate":false,"showSkybox":true,"showFlares":true,"showImageEffects":true,"showParticleSystems":true},"in2DMode":false,"pivot":{"x":-0.000742107629776001,"y":0.40015238523483279,"z":-0.0007608234882354736},"rotation":{"x":0.16728976368904115,"y":0.05174791067838669,"z":-0.008719849400222302,"w":0.9845101833343506},"size":2.4243218898773195,"orthographic":true}