{"cameraMode":{"drawMode":0,"name":"Shaded","section":"Shading Mode"},"sceneLighting":false,"audioPlay":false,"sceneViewState":{"showFog":true,"showMaterialUpdate":false,"showSkybox":true,"showFlares":true,"showImageEffects":true,"showParticleSystems":true},"in2DMode":false,"pivot":{"x":-0.011475550010800362,"y":0.006225546821951866,"z":-0.00016102194786071777},"rotation":{"x":0.33489781618118288,"y":-0.37807971239089968,"z":0.1490309089422226,"w":0.850111186504364},"size":0.11471782624721527,"orthographic":true}