{"cameraMode":{"drawMode":0,"name":"Shaded","section":"Shading Mode"},"sceneLighting":false,"audioPlay":false,"sceneViewState":{"showFog":true,"showMaterialUpdate":false,"showSkybox":true,"showFlares":true,"showImageEffects":true,"showParticleSystems":true},"in2DMode":false,"pivot":{"x":-0.01709325611591339,"y":-0.32938623428344729,"z":0.38383811712265017},"rotation":{"x":-0.1715412735939026,"y":0.598964512348175,"z":-0.13331423699855805,"w":-0.7707415223121643},"size":0.10621923953294754,"orthographic":true}