{"cameraMode":{"drawMode":0,"name":"Shaded","section":"Shading Mode"},"sceneLighting":false,"audioPlay":false,"sceneViewState":{"showFog":true,"showMaterialUpdate":false,"showSkybox":true,"showFlares":true,"showImageEffects":true,"showParticleSystems":true},"in2DMode":false,"pivot":{"x":0.80859375,"y":-5.0181884765625,"z":1.73681640625},"rotation":{"x":-0.03661241754889488,"y":-0.6522789001464844,"z":0.03148968145251274,"w":-0.7564390897750855},"size":10.356745719909668,"orthographic":true}