{"cameraMode":{"drawMode":0,"name":"Shaded","section":"Shading Mode"},"sceneLighting":false,"audioPlay":false,"sceneViewState":{"showFog":true,"showMaterialUpdate":false,"showSkybox":true,"showFlares":true,"showImageEffects":true,"showParticleSystems":true},"in2DMode":false,"pivot":{"x":-0.3245861530303955,"y":1.787544846534729,"z":-0.8824543952941895},"rotation":{"x":-0.12863579392433167,"y":0.010425682179629803,"z":-0.0013250651536509395,"w":-0.9916362166404724},"size":6.669932842254639,"orthographic":false}