{"cameraMode":{"drawMode":0,"name":"Shaded","section":"Shading Mode"},"sceneLighting":false,"audioPlay":false,"sceneViewState":{"showFog":true,"showMaterialUpdate":false,"showSkybox":true,"showFlares":true,"showImageEffects":true,"showParticleSystems":true},"in2DMode":false,"pivot":{"x":-0.0459272637963295,"y":-0.14366625249385835,"z":-0.05706189200282097},"rotation":{"x":-0.14590027928352357,"y":-0.4947640001773834,"z":0.08467143774032593,"w":-0.8524977564811707},"size":0.10621926933526993,"orthographic":true}