{"cameraMode":{"drawMode":0,"name":"Shaded","section":"Shading Mode"},"sceneLighting":false,"audioPlay":false,"sceneViewState":{"showFog":true,"showMaterialUpdate":false,"showSkybox":true,"showFlares":true,"showImageEffects":true,"showParticleSystems":true},"in2DMode":false,"pivot":{"x":-0.0016019940376281739,"y":-0.01053011417388916,"z":0.6452159881591797},"rotation":{"x":0.16728976368904115,"y":0.05174791067838669,"z":-0.008719849400222302,"w":0.9845101833343506},"size":1.8370972871780396,"orthographic":true}