{"cameraMode":{"drawMode":0,"name":"Shaded","section":"Shading Mode"},"sceneLighting":false,"audioPlay":false,"sceneViewState":{"showFog":true,"showMaterialUpdate":false,"showSkybox":true,"showFlares":true,"showImageEffects":true,"showParticleSystems":true},"in2DMode":false,"pivot":{"x":0.0231475830078125,"y":-0.0770263671875,"z":0.158233642578125},"rotation":{"x":0.6740515232086182,"y":0.08469779789447785,"z":-0.0781475380063057,"w":0.7296395301818848},"size":19.721282958984376,"orthographic":true}