{"cameraMode":{"drawMode":0,"name":"Shaded","section":"Shading Mode"},"sceneLighting":false,"audioPlay":false,"sceneViewState":{"showFog":true,"showMaterialUpdate":false,"showSkybox":true,"showFlares":true,"showImageEffects":true,"showParticleSystems":true},"in2DMode":false,"pivot":{"x":0.017059326171875,"y":0.02508544921875,"z":-0.0185546875},"rotation":{"x":0.17637817561626435,"y":-0.005896402522921562,"z":0.0011210511438548565,"w":0.9843041896820068},"size":0.2499343454837799,"orthographic":true}