{"cameraMode":{"drawMode":0,"name":"Shaded","section":"Shading Mode"},"sceneLighting":false,"audioPlay":false,"sceneViewState":{"showFog":true,"showMaterialUpdate":false,"showSkybox":true,"showFlares":true,"showImageEffects":true,"showParticleSystems":true},"in2DMode":false,"pivot":{"x":42.008331298828128,"y":12.63215446472168,"z":4.783467769622803},"rotation":{"x":0.004478156100958586,"y":-0.6979143619537354,"z":0.004445467609912157,"w":0.7161535024642944},"size":0.16546407341957093,"orthographic":true}