{"cameraMode":{"drawMode":0,"name":"Shaded","section":"Shading Mode"},"sceneLighting":false,"audioPlay":false,"sceneViewState":{"showFog":true,"showMaterialUpdate":false,"showSkybox":true,"showFlares":true,"showImageEffects":true,"showParticleSystems":true},"in2DMode":false,"pivot":{"x":-0.1517477035522461,"y":0.7142572402954102,"z":-1.8502883911132813},"rotation":{"x":-0.23046715557575227,"y":-0.3695073425769806,"z":0.09516430646181107,"w":-0.8951497673988342},"size":6.432187557220459,"orthographic":false}