{"cameraMode":{"drawMode":0,"name":"Shaded","section":"Shading Mode"},"sceneLighting":false,"audioPlay":false,"sceneViewState":{"showFog":true,"showMaterialUpdate":false,"showSkybox":true,"showFlares":true,"showImageEffects":true,"showParticleSystems":true},"in2DMode":false,"pivot":{"x":0.0572357177734375,"y":0.019805908203125,"z":-0.07781982421875},"rotation":{"x":-0.07644198834896088,"y":-0.894021213054657,"z":0.16710509359836579,"w":-0.4086057245731354},"size":0.14710503816604615,"orthographic":true}