{"cameraMode":{"drawMode":0,"name":"Shaded","section":"Shading Mode"},"sceneLighting":false,"audioPlay":false,"sceneViewState":{"showFog":true,"showMaterialUpdate":false,"showSkybox":true,"showFlares":true,"showImageEffects":true,"showParticleSystems":true},"in2DMode":false,"pivot":{"x":0.12019491195678711,"y":1.6366232633590699,"z":2.817115306854248},"rotation":{"x":-0.08650746941566467,"y":-0.760590672492981,"z":0.10350720584392548,"w":-0.6350626945495606},"size":23.90361976623535,"orthographic":true}