{"cameraMode":{"drawMode":0,"name":"Shaded","section":"Shading Mode"},"sceneLighting":false,"audioPlay":false,"sceneViewState":{"showFog":true,"showMaterialUpdate":false,"showSkybox":true,"showFlares":true,"showImageEffects":true,"showParticleSystems":true},"in2DMode":false,"pivot":{"x":0.0012106751091778279,"y":-0.002711253007873893,"z":-0.015073747374117375},"rotation":{"x":-0.02168138325214386,"y":-0.7197901010513306,"z":-0.022415392100811006,"w":0.6934908628463745},"size":0.019946908578276635,"orthographic":true}