{"cameraMode":{"drawMode":0,"name":"Shaded","section":"Shading Mode"},"sceneLighting":false,"audioPlay":false,"sceneViewState":{"showFog":true,"showMaterialUpdate":false,"showSkybox":true,"showFlares":true,"showImageEffects":true,"showParticleSystems":true},"in2DMode":false,"pivot":{"x":-0.4386253356933594,"y":-0.000244140625,"z":-0.1187744140625},"rotation":{"x":-0.00006363692227751017,"y":0.9997570514678955,"z":0.005690650083124638,"w":0.021297356113791467},"size":0.341195672750473,"orthographic":true}