{"cameraMode":{"drawMode":0,"name":"Shaded","section":"Shading Mode"},"sceneLighting":false,"audioPlay":false,"sceneViewState":{"showFog":true,"showMaterialUpdate":false,"showSkybox":true,"showFlares":true,"showImageEffects":true,"showParticleSystems":true},"in2DMode":false,"pivot":{"x":-0.49656686186790469,"y":0.16746199131011964,"z":0.0},"rotation":{"x":0.16728976368904115,"y":0.05174791067838669,"z":-0.008719849400222302,"w":0.9845101833343506},"size":3.0205626487731935,"orthographic":true}