{"cameraMode":{"drawMode":0,"name":"Shaded","section":"Shading Mode"},"sceneLighting":false,"audioPlay":false,"sceneViewState":{"showFog":true,"showMaterialUpdate":false,"showSkybox":true,"showFlares":true,"showImageEffects":true,"showParticleSystems":true},"in2DMode":false,"pivot":{"x":0.0,"y":-0.00000286102294921875,"z":15.696050643920899},"rotation":{"x":-0.370246946811676,"y":-0.6140307784080505,"z":0.39639824628829958,"w":-0.5733689069747925},"size":85.41487121582031,"orthographic":true}