{"cameraMode":{"drawMode":0,"name":"Shaded","section":"Shading Mode"},"sceneLighting":false,"audioPlay":false,"sceneViewState":{"showFog":true,"showMaterialUpdate":false,"showSkybox":true,"showFlares":true,"showImageEffects":true,"showParticleSystems":true},"in2DMode":false,"pivot":{"x":0.0009279251098632813,"y":0.0130615234375,"z":-0.01334381103515625},"rotation":{"x":-0.2058248072862625,"y":-0.005304733291268349,"z":0.0010411940747871996,"w":-0.9785739779472351},"size":12.1761474609375,"orthographic":true}