{"cameraMode":{"drawMode":0,"name":"Shaded","section":"Shading Mode"},"sceneLighting":false,"audioPlay":false,"sceneViewState":{"showFog":true,"showMaterialUpdate":false,"showSkybox":true,"showFlares":true,"showImageEffects":true,"showParticleSystems":true},"in2DMode":false,"pivot":{"x":0.004962921142578125,"y":0.057342529296875,"z":-0.03643798828125},"rotation":{"x":-0.15678346157073975,"y":-0.43675288558006289,"z":0.07752988487482071,"w":-0.8824143409729004},"size":0.1792009472846985,"orthographic":true}