{"cameraMode":{"drawMode":0,"name":"Shaded","section":"Shading Mode"},"sceneLighting":false,"audioPlay":false,"sceneViewState":{"showFog":true,"showMaterialUpdate":false,"showSkybox":true,"showFlares":true,"showImageEffects":true,"showParticleSystems":true},"in2DMode":false,"pivot":{"x":-0.00007268041372299194,"y":0.03592187911272049,"z":-0.0017616217955946923},"rotation":{"x":0.04227233678102493,"y":-0.032964494079351428,"z":0.0014561479911208153,"w":0.9985610842704773},"size":0.19230139255523683,"orthographic":true}