{"cameraMode":{"drawMode":0,"name":"Shaded","section":"Shading Mode"},"sceneLighting":false,"audioPlay":false,"sceneViewState":{"showFog":true,"showMaterialUpdate":false,"showSkybox":true,"showFlares":true,"showImageEffects":true,"showParticleSystems":true},"in2DMode":false,"pivot":{"x":0.012939453125,"y":-0.3877410888671875,"z":0.3221435546875},"rotation":{"x":-0.2037627249956131,"y":-0.7410693764686585,"z":0.2577827572822571,"w":-0.5855297446250916},"size":0.35631200671195986,"orthographic":true}