{"cameraMode":{"drawMode":0,"name":"Shaded","section":"Shading Mode"},"sceneLighting":false,"audioPlay":false,"sceneViewState":{"showFog":true,"showMaterialUpdate":false,"showSkybox":true,"showFlares":true,"showImageEffects":true,"showParticleSystems":true},"in2DMode":false,"pivot":{"x":-0.0019965767860412599,"y":1.192397117614746,"z":0.04725450277328491},"rotation":{"x":-0.052523188292980197,"y":-0.9366669654846191,"z":0.3070783019065857,"w":-0.15999779105186463},"size":0.22537970542907716,"orthographic":true}