{"cameraMode":{"drawMode":0,"name":"Shaded","section":"Shading Mode"},"sceneLighting":false,"audioPlay":false,"sceneViewState":{"showFog":true,"showMaterialUpdate":false,"showSkybox":true,"showFlares":true,"showImageEffects":true,"showParticleSystems":true},"in2DMode":false,"pivot":{"x":-0.0035182833671569826,"y":0.005095541477203369,"z":0.736320972442627},"rotation":{"x":-0.020613893866539,"y":-0.9789348244667053,"z":0.1587853580713272,"w":-0.12668490409851075},"size":4.304079055786133,"orthographic":true}