{"cameraMode":{"drawMode":0,"name":"Shaded","section":"Shading Mode"},"sceneLighting":false,"audioPlay":false,"sceneViewState":{"showFog":true,"showMaterialUpdate":false,"showSkybox":true,"showFlares":true,"showImageEffects":true,"showParticleSystems":true},"in2DMode":false,"pivot":{"x":-0.7738178968429565,"y":-2.6348462104797365,"z":-1.002682089805603},"rotation":{"x":0.04620092362165451,"y":0.6179559230804443,"z":-0.03633308783173561,"w":0.7840127348899841},"size":2.739084243774414,"orthographic":true}