{"cameraMode":{"drawMode":0,"name":"Shaded","section":"Shading Mode"},"sceneLighting":false,"audioPlay":false,"sceneViewState":{"showFog":true,"showMaterialUpdate":false,"showSkybox":true,"showFlares":true,"showImageEffects":true,"showParticleSystems":true},"in2DMode":false,"pivot":{"x":-0.0037326812744140627,"y":-2.697847843170166,"z":-0.5131025314331055},"rotation":{"x":-0.13170111179351808,"y":-0.6074880361557007,"z":0.10302525013685227,"w":-0.7765300869941711},"size":38.52980041503906,"orthographic":true}