{"cameraMode":{"drawMode":0,"name":"Shaded","section":"Shading Mode"},"sceneLighting":false,"audioPlay":false,"sceneViewState":{"showFog":true,"showMaterialUpdate":false,"showSkybox":true,"showFlares":true,"showImageEffects":true,"showParticleSystems":true},"in2DMode":false,"pivot":{"x":-3.725290298461914e-9,"y":0.08374424278736115,"z":0.01957830786705017},"rotation":{"x":-0.1689695566892624,"y":0.6990041136741638,"z":-0.17578642070293427,"w":-0.6722661256790161},"size":0.5153533816337586,"orthographic":true}