{"cameraMode":{"drawMode":0,"name":"Shaded","section":"Shading Mode"},"sceneLighting":false,"audioPlay":false,"sceneViewState":{"showFog":true,"showMaterialUpdate":false,"showSkybox":true,"showFlares":true,"showImageEffects":true,"showParticleSystems":true},"in2DMode":false,"pivot":{"x":-3.3322086334228517,"y":-2.7193169593811037,"z":-1.043212652206421},"rotation":{"x":0.16728976368904115,"y":0.05174791067838669,"z":-0.008719849400222302,"w":0.9845101833343506},"size":2.877532482147217,"orthographic":true}