{"cameraMode":{"drawMode":0,"name":"Shaded","section":"Shading Mode"},"sceneLighting":false,"audioPlay":false,"sceneViewState":{"showFog":true,"showMaterialUpdate":false,"showSkybox":true,"showFlares":true,"showImageEffects":true,"showParticleSystems":true},"in2DMode":false,"pivot":{"x":-0.046966552734375,"y":0.05319215729832649,"z":0.1343994289636612},"rotation":{"x":-0.032355573028326038,"y":-0.9676584005355835,"z":0.17188692092895509,"w":-0.1817834973335266},"size":22.0,"orthographic":true}