{"cameraMode":{"drawMode":0,"name":"Shaded","section":"Shading Mode"},"sceneLighting":false,"audioPlay":false,"sceneViewState":{"showFog":true,"showMaterialUpdate":false,"showSkybox":true,"showFlares":true,"showImageEffects":true,"showParticleSystems":true},"in2DMode":false,"pivot":{"x":-0.0459272637963295,"y":-0.14366625249385835,"z":-0.05706189200282097},"rotation":{"x":0.2448856681585312,"y":-0.027006324380636216,"z":-0.0068281348794698719,"w":-0.9691517353057861},"size":0.10621926933526993,"orthographic":true}