{"cameraMode":{"drawMode":0,"name":"Shaded","section":"Shading Mode"},"sceneLighting":false,"audioPlay":false,"sceneViewState":{"showFog":true,"showMaterialUpdate":false,"showSkybox":true,"showFlares":true,"showImageEffects":true,"showParticleSystems":true},"in2DMode":false,"pivot":{"x":-0.005078921094536781,"y":0.02582886628806591,"z":1.0244548320770264e-8},"rotation":{"x":0.0048636686988174919,"y":0.9951643943786621,"z":-0.07358189672231674,"w":0.06488452106714249},"size":0.2551632523536682,"orthographic":true}