{"cameraMode":{"drawMode":0,"name":"Shaded","section":"Shading Mode"},"sceneLighting":false,"audioPlay":false,"sceneViewState":{"showFog":true,"showMaterialUpdate":false,"showSkybox":true,"showFlares":true,"showImageEffects":true,"showParticleSystems":true},"in2DMode":false,"pivot":{"x":-0.088407501578331,"y":-0.24176400899887086,"z":0.08815176784992218},"rotation":{"x":-0.14908207952976228,"y":-0.06815659254789353,"z":0.010329642333090306,"w":-0.9864190816879273},"size":3.8576583862304689,"orthographic":false}