{"cameraMode":{"drawMode":0,"name":"Shaded","section":"Shading Mode"},"sceneLighting":false,"audioPlay":false,"sceneViewState":{"showFog":true,"showMaterialUpdate":false,"showSkybox":true,"showFlares":true,"showImageEffects":true,"showParticleSystems":true},"in2DMode":false,"pivot":{"x":-0.1844482421875,"y":0.18450927734375,"z":-0.68963623046875},"rotation":{"x":-0.13611145317554475,"y":-0.062961146235466,"z":0.008605493232607842,"w":-0.9886534214019775},"size":0.24927657842636109,"orthographic":true}