{"cameraMode":{"drawMode":0,"name":"Shaded","section":"Shading Mode"},"sceneLighting":false,"audioPlay":false,"sceneViewState":{"showFog":true,"showMaterialUpdate":false,"showSkybox":true,"showFlares":true,"showImageEffects":true,"showParticleSystems":true},"in2DMode":false,"pivot":{"x":-5.644894599914551,"y":-2.396495819091797,"z":-1.112372636795044},"rotation":{"x":0.16728976368904115,"y":0.05174791067838669,"z":-0.008719849400222302,"w":0.9845101833343506},"size":4.420945644378662,"orthographic":true}