{"cameraMode":{"drawMode":0,"name":"Shaded","section":"Shading Mode"},"sceneLighting":true,"audioPlay":false,"sceneViewState":{"showFog":true,"showMaterialUpdate":false,"showSkybox":true,"showFlares":true,"showImageEffects":true,"showParticleSystems":true},"in2DMode":false,"pivot":{"x":-343.43359375,"y":348.13153076171877,"z":-125.49447631835938},"rotation":{"x":0.0035866580437868835,"y":0.9877845048904419,"z":-0.15414991974830628,"w":0.02251189574599266},"size":0.49431508779525759,"orthographic":true}