{"cameraMode":{"drawMode":0,"name":"Shaded","section":"Shading Mode"},"sceneLighting":false,"audioPlay":false,"sceneViewState":{"showFog":true,"showMaterialUpdate":false,"showSkybox":true,"showFlares":true,"showImageEffects":true,"showParticleSystems":true},"in2DMode":false,"pivot":{"x":0.0018048286437988282,"y":0.019775390625,"z":-0.011474609375},"rotation":{"x":-0.029784152284264566,"y":-0.7104855179786682,"z":0.030031828209757806,"w":-0.7024396061897278},"size":0.11034595966339112,"orthographic":true}