{"cameraMode":{"drawMode":0,"name":"Shaded","section":"Shading Mode"},"sceneLighting":false,"audioPlay":false,"sceneViewState":{"showFog":true,"showMaterialUpdate":false,"showSkybox":true,"showFlares":true,"showImageEffects":true,"showParticleSystems":true},"in2DMode":false,"pivot":{"x":0.0002642609179019928,"y":0.04254692420363426,"z":0.004136131145060062},"rotation":{"x":-0.08112746477127075,"y":-0.8158205151557922,"z":0.56029212474823,"w":-0.11801701784133911},"size":0.185764878988266,"orthographic":true}