{"cameraMode":{"drawMode":0,"name":"Shaded","section":"Shading Mode"},"sceneLighting":false,"audioPlay":false,"sceneViewState":{"showFog":true,"showMaterialUpdate":false,"showSkybox":true,"showFlares":true,"showImageEffects":true,"showParticleSystems":true},"in2DMode":false,"pivot":{"x":-0.007752768695354462,"y":0.016742095351219178,"z":-0.006080180406570435},"rotation":{"x":-0.00020190607756376266,"y":-0.999385416507721,"z":0.03480193391442299,"w":-0.004200587514787912},"size":0.33038121461868288,"orthographic":true}