{"cameraMode":{"drawMode":0,"name":"Shaded","section":"Shading Mode"},"sceneLighting":false,"audioPlay":false,"sceneViewState":{"showFog":true,"showMaterialUpdate":false,"showSkybox":true,"showFlares":true,"showImageEffects":true,"showParticleSystems":true},"in2DMode":false,"pivot":{"x":0.5173554420471191,"y":3.410541534423828,"z":2.483431339263916},"rotation":{"x":0.07009650766849518,"y":0.7144104838371277,"z":-0.07221245765686035,"w":0.6924518942832947},"size":27.181957244873048,"orthographic":true}