{"cameraMode":{"drawMode":0,"name":"Shaded","section":"Shading Mode"},"sceneLighting":false,"audioPlay":false,"sceneViewState":{"showFog":true,"showMaterialUpdate":false,"showSkybox":true,"showFlares":true,"showImageEffects":true,"showParticleSystems":true},"in2DMode":false,"pivot":{"x":-0.07183837890625,"y":-0.04840087890625,"z":-0.17803955078125},"rotation":{"x":0.06204947084188461,"y":0.7607888579368591,"z":-0.07346290349960327,"w":0.6418359279632568},"size":0.2755611538887024,"orthographic":true}