{"cameraMode":{"drawMode":0,"name":"Shaded","section":"Shading Mode"},"sceneLighting":false,"audioPlay":false,"sceneViewState":{"showFog":true,"showMaterialUpdate":false,"showSkybox":true,"showFlares":true,"showImageEffects":true,"showParticleSystems":true},"in2DMode":false,"pivot":{"x":0.230712890625,"y":0.0997314453125,"z":0.07228851318359375},"rotation":{"x":-0.0842037945985794,"y":0.011364392004907132,"z":-0.0010253852233290673,"w":-0.9963832497596741},"size":0.4934832453727722,"orthographic":true}