{"cameraMode":{"drawMode":0,"name":"Shaded","section":"Shading Mode"},"sceneLighting":false,"audioPlay":false,"sceneViewState":{"showFog":true,"showMaterialUpdate":false,"showSkybox":true,"showFlares":true,"showImageEffects":true,"showParticleSystems":true},"in2DMode":false,"pivot":{"x":-0.01709325611591339,"y":-0.32938623428344729,"z":0.38383811712265017},"rotation":{"x":-0.17360974848270417,"y":-0.1046493798494339,"z":0.01858465000987053,"w":-0.9790621995925903},"size":1.0062193870544434,"orthographic":false}