{"cameraMode":{"drawMode":0,"name":"Shaded","section":"Shading Mode"},"sceneLighting":false,"audioPlay":false,"sceneViewState":{"showFog":true,"showMaterialUpdate":false,"showSkybox":true,"showFlares":true,"showImageEffects":true,"showParticleSystems":true},"in2DMode":false,"pivot":{"x":0.04461669921875,"y":0.2762451171875,"z":-0.04962158203125},"rotation":{"x":0.5375282764434815,"y":-0.44883158802986147,"z":0.4159466028213501,"w":0.5801742076873779},"size":0.1745072603225708,"orthographic":true}