{"cameraMode":{"drawMode":0,"name":"Shaded","section":"Shading Mode"},"sceneLighting":false,"audioPlay":false,"sceneViewState":{"showFog":true,"showMaterialUpdate":false,"showSkybox":true,"showFlares":true,"showImageEffects":true,"showParticleSystems":true},"in2DMode":false,"pivot":{"x":-0.01625823974609375,"y":0.450653076171875,"z":-0.66314697265625},"rotation":{"x":0.11617492139339447,"y":0.45123156905174258,"z":-0.059306662529706958,"w":0.8828229308128357},"size":19.644960403442384,"orthographic":true}