{"cameraMode":{"drawMode":0,"name":"Shaded","section":"Shading Mode"},"sceneLighting":false,"audioPlay":false,"sceneViewState":{"showFog":true,"showMaterialUpdate":false,"showSkybox":true,"showFlares":true,"showImageEffects":true,"showParticleSystems":true},"in2DMode":false,"pivot":{"x":-0.40967655181884768,"y":0.44257229566574099,"z":-3.837705612182617},"rotation":{"x":0.008948257192969323,"y":-0.943627119064331,"z":0.3298836350440979,"w":0.025782087817788125},"size":7.881861686706543,"orthographic":true}